set,R2,bias,RMSE,MAE
Test,0.9932201789731747,-0.1516625971494146,7.79412320408285,1.7008778672664435
