set,R2,bias,RMSE,MAE
OOF_uncalibrated,0.9937114678283258,0.1975426785792437,7.503367295849099,1.811916642783641
OOF_calibrated,0.9938349462151069,-0.11396988957813733,7.429335951261748,1.7968831645347725
