set,R2,bias,RMSE,MAE
Test,0.9999753512398193,1533.1655993230922,8372.508464605351,2530.611551719603
