set,R2,bias,RMSE,MAE
Test,0.9988711174876289,0.10276439693521482,3.539759142317308,1.1724200075408078
