set,R2,bias,RMSE,MAE
OOF_uncalibrated,0.9975448045299296,-0.29231003393205607,5.201173980502499,1.1974636177941054
OOF_calibrated,0.9977198930437194,-0.04791886282845037,5.012287271853999,1.227147129492564
